id,nome,idade,curso,email
1,João Leite,22,Engenharia da Computação,joao.leite@email.com
2,Domitila Canto,22,Letras,domitila.canto@email.com
3,Fernando Campos,22,Engenharia da Computação,fernando.campos@email.com
4,Mariano Rodrigues,20,Design Gráfico,mariano.rodrigues@email.com
5,Roberta Lara,23,Ciência da Computação,roberta.lara@email.com
6,Juliano Pires,21,Artes Visuais,juliano.pires@email.com
7,Felicia Cardoso,22,Matemática Aplicada,felicia.cardoso@email.com
8,Haroldo Ramos,22,Ciência da Computação,haroldo.ramos@email.com
9,Vladimir Silva,22,Engenharia da Computação,vladimir.silva@email.com
10,Deocleciano Oliveira,20,Design Gráfico,deocleciano.oliveira@email.com